Recuento de codigo_proforma,Última fecha: fecha_visita,Cliente,Celular,Email,Máx. de Nro_de_Proforma
2,2025-03-30 00:00:00,Zuly trejo,'+51949804456,zuly_med@hotmail.com,1
4,2025-06-27 00:00:00,Yuly Marisol,'+51957312197,yulymarysol1020@gmail.com,2
1,2025-11-08 00:00:00,HYOEL EDSON Yalli Santos,'+51962347795,yoelyalli@gmail.com,1
1,2025-07-05 00:00:00,Micahel Chocano Lara,'+12407446479,ynfy@hotmail.com,2
4,2025-07-13 00:00:00,Ysa Navarro .,'+51992766933,ynavarron@unmsm.edu.pe,2
2,2025-06-14 00:00:00,yoel Andrade Castillo,'+51974078025,ylandradecastillo@gmail.com,1
1,2025-10-12 00:00:00,LUCIANO raico azañedo,'+51987302802,yioligaza@hotmail.com,1
1,2025-10-30 00:00:00,Yhanina Mavel,'+51942488496,yhaninamavel@hotmail.com,2
1,2025-06-22 00:00:00,yessica jaramillo,'+51971792135,yessiloto@gmail.com,1
1,2025-03-16 00:00:00,Yessenia barazorda,'+51979304203,yess_1682@hotmail.com,1
3,2025-08-02 00:00:00,Gerardo Argumedo,'+51998476174,YERALD19@HOTMAIL.COM,1
2,2025-03-23 00:00:00,Betzy Yanqui Quispe,'+51975037559,yanquib@gmail.com,1
2,2025-07-17 00:00:00,Yan fuentes,'+51980353062,yanfuentes754@gmail.com,1
5,2025-09-14 00:00:00,Gladys almeida,'+51948586851,yalmeida2050@gmail.com,4
3,2025-03-17 00:00:00,Yakelin Torres Calle,'+51990027268,yakytc_3@hotmail.com,3
1,2025-11-13 00:00:00,Jose Luis BENAVIDES ALVARADO,'+51917348568,yakx19@gmail.com,1
2,2025-06-21 00:00:00,Yoe Escalante,'+51983265856,yair.escalante23@gmail.com,1
1,2025-09-28 00:00:00,Gustavo Rivera,'+51975388138,YACUACHO_20@HOTMAIL.COM,2
1,2025-07-30 00:00:00,Ximena rojas,'+51945123597,xrojasvaldiviezo@gmail.com,1
1,2025-03-16 00:00:00,Xiomara Alejandra Sonco Camacho,'+51946265502,xiomarasupos123@gmail.com,1
1,2025-05-23 00:00:00,Xiomara Elorreaga,'+51963835968,xiomaraelorreaga@gmail.com,1
1,2025-06-15 00:00:00,Carmen Ulloa,'+51946228506,xiaucarmen@gmail.com,1
1,2025-03-16 00:00:00,William YACTAYO HUARACA,'+51969331455,WYACTAYO@GMAIL.COM,1
1,2025-06-25 00:00:00,Willy Diaz,'+51982127666,willyto1991@gmail.com,1
1,2025-08-03 00:00:00,William Donald Fonseca Alvarado,'+51942134341,williamfonseca83@gmail.com,1
12,2025-09-22 00:00:00,Wilder LESSEL,'+51907505353,WILDERLESSEL05@GMAIL.COM,2
2,2025-08-26 00:00:00,Wilbert Pasache,'+51948992527,wilbertpp@yahoo.com,1
6,2025-05-17 00:00:00,Wilfredo Gonzalez,'+51980476298,WGVELASQUEZ13@HOTMAIL.COM,1
2,2025-05-12 00:00:00,Wendy Gianina Breña Arrasco,'+51955763379,wendybrenar@gmail.com,2
1,2025-08-18 00:00:00,William Angeles Galvan,'+51955786142,wangeles@gmail.com,1
2,2025-06-09 00:00:00,Walter Mauro Simeon Martinez,'+51994315548,walysima3@hotmail.com,1
4,2025-07-13 00:00:00,Walter Gómez Rázuri,'+51922043014,w.gomezrazuri@gmail.com,3
5,2025-09-27 00:00:00,Valeria Schwarz,'+51973216876,VSCHWALZD@GMAIL.COM,3
2,2025-09-30 00:00:00,Valeria Alejandra Llerena Vasquez,'+51942416517,vllerenav@gmail.com,2
1,2025-03-16 00:00:00,Vivian Gutierrez,981094528,VIVIANVGC100@HOTMAIL.COM,2
1,2025-06-14 00:00:00,Violeta Marlene Lucar Rios,'+51956050513,viole924@hotmail.com,1
1,2025-10-04 00:00:00,Julio Vildal Mosqueira,'+51983607680,vimologotipo@hotmail.com,1
1,2025-06-02 00:00:00,Denis villena,'+51964631479,villenasosaeric@gmail.com,2
3,2025-09-18 00:00:00,susy VILLANERA,'+51996965518,VILLANERASUSY@GMAIL.COM,1
1,2025-08-31 00:00:00,Pedro Villalobos,'+51958897025,VILLALOBOSALARCONPEDRO028@GMAIL.COM,1
2,2025-08-02 00:00:00,Milagros VIGIA,'+51995556273,VIGIAXX@GMAIL.COM,2
2,2025-04-13 00:00:00,victor raul ROSAS VALDIVIA,'+51913075477,VICTORROSASVALDIVIA@GMAIL.COM,1
1,2025-09-22 00:00:00,victor hugo Ñaupari Fernandez,'+51969654012,victorhugo.nafer@gmail.com,1
2,2025-03-19 00:00:00,Victor ALCAZAR,'+51991321788,victoralcazarcoloma@gmail.com,1
1,2025-09-17 00:00:00,VICTOR ALFREDO ARAGON ARRIOLA,'+51992927537,VICTOR9ARAGON@GMAIL.COM,3
1,2025-03-31 00:00:00,Gladys Padilla,'+51949922566,victor.mezap@pucp.pe,1
1,2025-10-25 00:00:00,Victor Mendoza,'+51981656145,victor.mendoza.narro@gmail.com,1
1,2025-04-26 00:00:00,VICTOR ALEJANDRO ARAUCO NAVA,'+51978922031,victor.arauco@pucp.edu.pe,1
1,2025-03-20 00:00:00,JUANA VERONICA PALACIN LUQUE,'+51940214885,veronica_palacin@hotmail.com,1
1,2025-10-10 00:00:00,Vicente Moreno,'+51934440471,VCLMORENOC51@GMAIL.COM,1
3,2025-05-06 00:00:00,MARIA VERONICA DEL CARMEN CHANG CAMPOVERDE,'+51991690888,VCHANGCAMPOVERDE@GMAIL.COM,3
2,2025-07-09 00:00:00,Vanessa MOREANO RODRIGUEZ,'+51986841296,VANESSAMOREANOR@GMAIL.COM,1
2,2025-10-16 00:00:00,Vanessa García Samaniego,'+51936728217,vanessairma27@gmail.com,2
5,2025-10-01 00:00:00,Vanessa Montero ,'+51976981621,vanessa_montero_reyes_24@outlook.com,4
1,2025-05-18 00:00:00,Valia SUAREZ,'+51955448183,valiasuarezsd@gmail.com,1
2,2025-09-19 00:00:00,Valeria Llerena,'+51986757488,valeriallerenacastillo@gmail.com,1
1,2025-10-12 00:00:00,Valeria Cuzcano ,'+51949964407,valeria_cuzcano@hotmail.com,1
1,2025-04-24 00:00:00,Camila Valentina Ramírez Rossell,'+51958718183,valentinaramirezrossell@gmail.com,1
3,2025-09-01 00:00:00,ALONSO MOISES Valdez Lopez,'+51989943731,valdezlopezmoises@gmail.com,2
1,2025-08-31 00:00:00,Johana ChNav,'+51923242967,va_nhe@hotmail.com,1
2,2025-05-30 00:00:00,Victor escardo,'+51947200762,v_escardo@yahoo.es,2
1,2025-03-28 00:00:00,Juan URETA,'+51975111975,uretajuan700@gmail.com,1
2,2025-10-05 00:00:00,Maximiliana Infanzon Quintantanilla,'+51975964060,unarriz17aulaperu4b@gmail.com,1
1,2025-09-06 00:00:00,jose VEGA MELENDEZ,'+51958203732,UNAC1981ECO@GMAIL.COM,1
2,2025-05-18 00:00:00,Ulises Tocas De la Cruz,'+51990015320,ulises_tocas@hotmail.com,1
1,2025-06-26 00:00:00,YOSLEIN Chavez,'+51996333114,TRHSRHBFB@GMAIL.COM,1
1,2025-08-12 00:00:00,jose wilder Paredes Martinez,'+51946065831,traparsaperu@gmail.com,1
4,2025-09-08 00:00:00,liz Torres Maita,'+51996708845,torresmliz@hotmail.com,2
3,2025-11-13 00:00:00,TONINO lezama,'+51970518511,TONNINO.LEZAMA@GMAIL.COM,2
2,2025-04-18 00:00:00,Pilar Aguirre,'+51982809375,tomo.yoshi@hotmail.com,1
1,2025-05-05 00:00:00,Mariel Torres,'+51999141854,TOAL.MARIEL@GMAIL.COM,2
3,2025-10-31 00:00:00,Gilberto santillan zea,'+51999915099,titosantillan@gmail.com,1
2,2025-05-29 00:00:00,Theo Torres,'+51975254197,theotorres@gmail.com,1
21,2025-07-21 00:00:00,Teresa Hilario,'+5190222222222,TERESAHILARIO@YAHOO.CO.UK,6
1,2025-07-15 00:00:00,Fabiola Acevedo Acevedo,'+51993739481,tatyacevedo2211@gmail.com,1
4,2025-05-24 00:00:00,Tania Torres Aguilar,'+51966942217,tanitatoa@hotmail.com,1
1,2025-08-07 00:00:00,Flor Suarez Yontop,'+51942883538,talleresdevidaflor@gmail.com,1
2,2025-06-19 00:00:00,Teresa Aliaga,'+51983552776,Taliaga07@gmail.com,2
2,2025-04-02 00:00:00,Gustavo Correa,'+51933081557,TABOCDC@HOTMAIL.COM,1
2,2025-07-07 00:00:00,susy Palza,'+51950816281,SUSY.PALZA.35@GMAIL.COM,3
3,2025-08-10 00:00:00,Stephany Aguirre,'+51945329268,stephany.aguirre87@gmail.com,2
5,2025-10-21 00:00:00,Soledad Silva Mego,'+51993930811,ssilvam3@hotmail.com,2
3,2025-11-17 00:00:00,SILVERIO Quispe Pariona,'+34641659516,squispe191097@gmail.com,1
4,2025-09-09 00:00:00,Isabel LUCERO CANALES,'+51999587702,SORAYAPREMIUM883@GMAIL.COM,2
1,2025-05-19 00:00:00,sonita Córdova,'+51987558073,sonita.cr@gmail.com,1
2,2025-05-14 00:00:00,Sonia Cavalie,'+51992106408,sonia.cavalie@gmail.com,1
2,2025-04-21 00:00:00,Juana Soledad Vera Pinto Egas,'+51993176022,solvera755@gmail.com,1
1,2025-11-17 00:00:00,Sofia Adrianzen Brocq,'+51915219966,sofia_10_95@hotmail.com,1
1,2025-11-14 00:00:00,Silvia Mindreau,'+51989941991,silviamindreau@gmail.com,1
1,2025-05-30 00:00:00,Silvia Liliana GIRON MALPARTIDA,'+51963913316,SILVIALILIGM12@GMAIL.COM,1
2,2025-03-16 00:00:00,Silvia Zavaleta Salcedo,'+51977184671,silvia2530tl@gmail.com,1
1,2025-04-28 00:00:00,silvia katiusca vasquez Lavalle,'+51953703106,silvia.vasquez@ucsp.edu.pe,1
1,2025-10-12 00:00:00,Victoria Silvia,'+51953379763,Silva.victoria@gmail.com,2
1,2025-06-29 00:00:00,Sherely Callo Roque,'+51948070835,Sherelycm@gmail.com,1
1,2025-11-06 00:00:00,melany VELASQUEZ,'+51995491675,sharonmelanyvelasquez@gmail.com,1
5,2025-09-22 00:00:00,🌼Nievesipa Iparraguirre,'+51946897844,Sevein108@hotmail.com,4
1,2025-03-15 00:00:00,Sebastian Cieza de Leon Salinas,'+51936645826,sebast312@gmail.com,1
3,2025-06-07 00:00:00,Pilar QUIROS,'+51945861516,sdddd@hotmail.com,1
1,2025-06-09 00:00:00,Julissa Scharff Cuhelo,'+51993364279,scharffjulissa@gmail.com,1
2,2025-06-29 00:00:00,Shirley Barreto,'+51996456337,SBARRETOF@GMAIL.COM,1
1,2025-11-09 00:00:00,Sandra Merma paniura,'+51983700180,sandramerma1@gmail.com,1
1,2025-03-14 00:00:00,STH. Torres Hurtado,'+51934291357,Sandra.torres@pucp.pe,1
1,2025-05-27 00:00:00,Guiovana Salinas,'+51958854649,salinasguiovana@gmail.com,1
1,2025-05-16 00:00:00,sabino Romani Jacobe,'+51957876269,sabinoromani@hotmail.com,1
1,2025-05-18 00:00:00,roxana Vasquez Enrique,'+51949996014,rvasquezenrique@gmail.com,1
1,2025-03-31 00:00:00,Ruth Elizabeth Perez Gutarra,'+51994951329,ruthperezg24@hotmail.com,1
1,2025-04-22 00:00:00,Rita Noelia Urteaga Atis,'+51955280611,rurteaga@hotmail.com,1
2,2025-08-20 00:00:00,ruth Quijada,'+51944578064,rugi31@yahoo.com,1
1,2025-09-20 00:00:00,Rudy pino,'+51958343583,Rudyerpb@gmail.com,1
1,2025-05-02 00:00:00,ruben Lazaro Sal y Rosas,'+51943672465,ruberlazaro@gmail.com,1
1,2025-10-07 00:00:00,roxana Quispe,'+51973221742,roxinsbell@hotmail.com,1
1,2025-09-27 00:00:00,roxana Diaz Diaz,'+51993306754,ROX_77_D@HOTMAIL.COM,1
4,2025-11-16 00:00:00,Rosita Cabrera,'+51944238323,rosita_katherine8@hotmail.com,1
1,2025-10-20 00:00:00,Rosario Vargas,'+17037173076,rosariovargas134@gmail.com,1
1,2025-07-03 00:00:00,Rosario Ramos,'+51992189637,rosarioramos25@gmail.com,1
1,2025-05-11 00:00:00,Rosalía Matos Vilchez,'+51958632557,rosalia.matos@cmpc.com,1
1,2025-07-29 00:00:00,Rosa CATACORA,'+51936645589,rosacatacoradurand@gmail.com,1
2,2025-03-26 00:00:00,Ronald Villegas,'+51952206718,ronald_jvillegas@hotmail.com,2
2,2025-10-27 00:00:00,Romina Valles valles,'+51949143617,romina_aries_2000@hotmail.com,1
1,2025-07-18 00:00:00,yulissa Romero Figueroa,'+51961914431,romerofigueroay@gmail.com,1
1,2025-04-10 00:00:00,Rodrigo Mayorca,'+51953563338,rodrigomayorcabustamante@gmail.com,1
3,2025-04-03 00:00:00,Rosi Alcedan,'+51941134938,rodalsac@hotmail.com,1
1,2025-11-11 00:00:00,Rocio rojas,'+51946738147,rocio.rantunez@gmail.com,1
2,2025-09-19 00:00:00,Robert Alegre Poma,'+51975688002,robercito100@hotmail.com,1
1,2025-09-28 00:00:00,rosa liz rucano taya,'+51992882194,rlrucanot@gmail.com,1
3,2025-10-01 00:00:00,Roger Alberto LEON NIÑO,'+51979747577,RLEON@OIPERU.COM,3
1,2025-03-16 00:00:00,Mario Rivera,'+51914371041,Riveiro1012@gmail.com,1
1,2025-03-25 00:00:00,Rita Meza,'+51993600685,ritameza2005@yahoo.com,1
2,2025-06-07 00:00:00,Rita Quezada,'+51986666826,rita.quezada@oceanpartners.com,1
1,2025-07-16 00:00:00,Ricardo Barreno,'+51966310280,ricardo_barreno@hotmail.com,1
1,2025-07-11 00:00:00,Ricardo Sulca,'+51948567151,RICARDO.SULCA@GMAIL.COM,1
1,2025-09-08 00:00:00,Ricardo Sandoval,'+51939808771,ricajosan22@gmail.com,1
2,2025-11-10 00:00:00,Rodrigo Huillca,'+51957241105,rhuillcag.eengr@gmail.com,1
1,2025-11-13 00:00:00,Renzo Verástegui,'+51978364420,renzoverastegui26@gmail.com,3
1,2025-11-11 00:00:00,Renzo guzman,'+51948193533,renzoguzman30@gmail.com,1
1,2025-06-21 00:00:00,Renzo Garcia,'+51940705181,RENZOGARCIAG.12@GMAIL.COM,1
1,2025-07-19 00:00:00,Renzo Cesti,'+51970037139,renzocesti@gmail.com,1
3,2025-08-01 00:00:00,Renzo RIOS CHACON,'+51993734064,RENZO.RIOS.CHACON@GMAIL.COM,1
2,2025-04-30 00:00:00,Renato Ramirez,'+51960465762,renatoramirezdelgado@gmail.com,1
1,2025-03-16 00:00:00,Renato Melendez,'+51953265371,renatomelendez.11@gmail.com,1
2,2025-09-28 00:00:00,ALEJANDRA Villanueva,'+51952319632,REFERIDOFERNOVIA@GMAIL.COM,1
1,2025-03-15 00:00:00,rony Coquil Olivera,'+51958718192,rcolivera01@gmail.com,1
5,2025-06-22 00:00:00,raúl Manturano,'+51997891456,raulmoisesmc@hotmail.com,2
1,2025-08-23 00:00:00,Raul Zelada,'+51944254666,RAUL.ZELADA@HOTMAIL.COM,1
2,2025-11-10 00:00:00,Raquel Terrones,'+51962670516,raqueltt@gmail.com,1
1,2025-09-27 00:00:00,Raquel Karina Bautista Quispe,'+51992933086,raquelkarina.bautista@gmail.com,1
1,2025-10-22 00:00:00,Margot amarilis Ramos Carpio,'+51943775679,ramoscarpiomargotamarilis@gmail.com,1
1,2025-07-08 00:00:00,Raul Alarcón,'+51999956028,ralarcon86@hotmail.com,1
2,2025-08-16 00:00:00,raissa Bustamante,'+51944448288,raissa.buc@gmail.com,1
3,2025-06-30 00:00:00,Cesar Gonzales,'+51993456708,RAIDER201078MD@GMAIL.COM,1
2,2025-04-27 00:00:00,Rafael Montellanos,'+61415059625,rafaelmontellanos@yahoo.com.au,3
1,2025-04-30 00:00:00,Ramón Alonso Abanto Terrones,'+51992192796,rabantot@hotmail.com,1
2,2025-09-05 00:00:00,Ricardo Abanto,'+51999270486,rabantom@yahoo.es,1
1,2025-09-26 00:00:00,Rocio Ayala,'+51999392114,r_par_s@hotmail.com,1
2,2025-04-05 00:00:00,Pedro Tapia Alvarado,'+51993968665,ptapia66@yahoo.es,1
2,2025-10-24 00:00:00,Guillermina fernández reyes,'+51943404557,ps_guillefr@yahoo.com,1
2,2025-08-23 00:00:00,Walter Peña Herrera,'+51987186896,proyectos.walter@gmail.com,1
2,2025-10-15 00:00:00,Patricia Pool,'+51999107800,ppool2102@gmail.com,1
2,2025-10-08 00:00:00,Jean Pool Torres,'+51931040071,pooltc120@gmail.com,1
2,2025-04-20 00:00:00,Paúl Aguilar Sucnier,'+51947241681,pool_vatos@hotmail.com,1
1,2025-04-08 00:00:00,Gloria Isabel Palomino Ponce de León,'+51989173661,pocholitahermosita@hotmail.com,1
1,2025-03-15 00:00:00,paulo Morales,'+51987755954,pmorales.eng@gmail.com,1
4,2025-09-12 00:00:00,LETIZIA Sanchez Mesarina,'+51966706541,PMEZARINAV@GMAIL.COM,1
1,2025-06-22 00:00:00,Steffano Richi,'+51980631912,pipo_11_11@hotmail.com,1
1,2025-07-27 00:00:00,Pilar Chinchayan Robles,'+51992705029,pilarchinchayan@gmail.com,1
1,2025-06-10 00:00:00,Piero Cabrera,'+51928508127,PIER78952@HOTMAIL.COM,1
1,2025-04-18 00:00:00,Cecilia Saldaña,'+51989992470,PEREZCECILIA450@GMAIL.COM,1
1,2025-04-11 00:00:00,percy_test ,'+5112345678,percyvega.dg@gmail.com,1
4,2025-09-07 00:00:00,jose RAMOS CASTILLO,'+51988492542,pepe3190@hotmail.com,1
1,2025-11-13 00:00:00,Pedro Suárez,'+51962071657,pedrosu95@gmail.com,2
1,2025-08-02 00:00:00,Pedro Enrique AVILA TARMA,'+51934133025,PEDROAVILA@UPEU.EDU.PE,1
4,2025-05-26 00:00:00,Percy Cesar Rivera Guerrero,'+51982718828,pcriverarg@gmail.com,1
1,2025-09-27 00:00:00,Walter VALENCIA,'+51976360751,paulvalenciahuangal@gmail.com,1
6,2025-05-10 00:00:00,Paula Tambini Gallo,'+51969316561,paulatambinigallo@gmail.com,1
2,2025-06-22 00:00:00,Paul siancas norabuena,'+51994041443,paul.siancas@gmail.com,1
1,2025-10-29 00:00:00,Patricia Ballena ojeda,'+51999045364,patty1174@hotmail.com,1
1,2025-11-14 00:00:00,Patricia Marcos,'+51976357393,patty.m.p@hotmail.com,1
1,2025-04-23 00:00:00,Patricia Perez Valdivia,'+51940196121,pathrixia@gmail.com,1
3,2025-07-07 00:00:00,Patricia DA SILVIA,'+51997886026,PATDASILVA77@GMAIL.COM,1
1,2025-11-08 00:00:00,Paola Ramos,'+51967604919,paola.ramel@gmail.com,1
1,2025-06-05 00:00:00,Paola Aguilar,'+51961515686,pao.199716@hotmail.com,1
2,2025-07-01 00:00:00,jose Pantoja,'+51986527455,PANTOJA.BARDALES@GMAIL.COM,1
2,2025-07-02 00:00:00,jose SANCHEZ PANTALEON,'+51970088512,pantaleonjose@yahoo.es,1
1,2025-11-01 00:00:00,ivan Rivoin,'+51986711593,pamelamanchegot1@gmail.com,2
1,2025-05-11 00:00:00,Pamela Gonzales Herrera,'+51992705905,pamela.gonzales@gmail.com,1
2,2025-03-24 00:00:00,Angela Saenz Varillas,'+51999552240,palomita080602@gmail.com,1
1,2025-06-13 00:00:00,Omar VELASQUEZ,'+51989300393,ovelasqueza@gmail.com,1
1,2025-07-30 00:00:00,Hugo Yupanqui,'+51940597336,osoriovictor565@gmail.com,1
1,2025-06-28 00:00:00,santa GUITIERREZ,'+51941486984,OSITAPETY@HOTMAIL.COM,1
2,2025-09-06 00:00:00,Ana Torres,'+51964567656,ORTODONCIATORRES@GMAIL.COM,1
2,2025-06-17 00:00:00,Omel jaramillo,'+51931420948,Omel.jaramillo@gmail.com,1
1,2025-09-16 00:00:00,Willy OLSEN Y ESPOSA NEVER CABALLERO HERRERA,'+51996638542,OLSEN@GMAIL.COM,1
2,2025-06-10 00:00:00,Oscar chaname Chaname,'+51997934209,ochana66@gmail.com,1
1,2025-07-26 00:00:00,Olga Sanchez,'+51958893182,obspcorreo@gmail.com,1
1,2025-06-02 00:00:00,Omar Alejos,'+51921822101,oa.alejos@gmail.com,1
1,2025-10-23 00:00:00,NB Vasquez,'+51999016266,nvasquez.calh@gmail.com,2
1,2025-09-15 00:00:00,NUVIA AMAYA CHAVEZ,'+51942302629,nuvianaly@gmail.com,4
1,2025-10-24 00:00:00,Carlos SUAREZ,'+51944672177,notienene@hotmail.com,1
1,2025-03-24 00:00:00,marleny Saavedra Ruiz,'+51958784938,NOTIENEAUN@YAHOO.COM,1
1,2025-07-27 00:00:00,Norma VALDIVIA,'+51970831535,normavaldiviacynthia15@live.com,1
2,2025-11-16 00:00:00,Nancy MAGUIÑA VALLE,'+51987634054,NORE@HOTMAIL.COM,1
2,2025-07-30 00:00:00,Orlando KONG,'+51974626988,NOMAYOR@GMAIL.COM,1
1,2025-11-14 00:00:00,FERNANDA LUCIA MUNARRIZ ULLOA,'+51989561372,nodia@hotmail.com,1
1,2025-05-19 00:00:00,Nilda Quispe Rivera,'+51999867506,ni-quispe@hotmail.com,2
1,2025-05-15 00:00:00,Nicolt Roca,'+51961443111,nicolt.rocab@gmail.com,1
1,2025-06-14 00:00:00,Nicole Hurtado Céspedes,'+51931287905,nicolehurtadocespedes@gmail.com,1
2,2025-05-20 00:00:00,Nicols Madrid,'+51933516504,nicolasmc.3010@gmail.com,1
1,2025-05-31 00:00:00,Luz Gutiérrez,'+51996990052,ngutierrez28@hotmail.com,1
3,2025-04-08 00:00:00,Nestor Santiago Huamán Koc,'+51990743587,nestorsantiagohuamankoc@gmail.com,1
1,2025-09-28 00:00:00,neil Tello Arquíñego,'+51944268486,neilte2509@hotmail.com,1
3,2025-10-18 00:00:00,Nancy tapia huambachano,'+51948007979,ncctapia@gmail.com,1
1,2025-10-02 00:00:00,Natalie Palacios Garrido,'+51951922967,natpalaciosg@gmail.com,1
1,2025-03-15 00:00:00,natalia Romero,'+51953915975,natarf6@gmail.com,1
1,2025-06-09 00:00:00,natalia Gomez,'+51986263411,nataliak2394@gmail.com,2
1,2025-03-15 00:00:00,Elizabeth VALDIVIA,'+51941382649,nanoely4@hotmail.com,1
3,2025-07-31 00:00:00,Nancy TAFUR VILLANUEVA,'+51942647200,NANCYTAFURV27@GMAIL.COM,1
1,2025-11-05 00:00:00,Nancy .,'+51983908759,nancyquispe45@gmail.com,2
2,2025-07-05 00:00:00,Milagros Pérez,'+51964538369,namiperez.06@gmail.com,2
2,2025-07-07 00:00:00,Nancy JG,'+51995990443,naly610@gmail.com,2
1,2025-10-06 00:00:00,Myriam Sosa Espinoza Sosa,'+51992511654,myriam32es@gmail.com,1
1,2025-03-16 00:00:00,Mario QUISOCALA,'+51993987877,MVQUISOCALA@GMAIL.COM,1
1,2025-09-29 00:00:00,Mauricio Villanueva,'+51991754654,mvillanueva_@hotmail.com,1
2,2025-07-07 00:00:00,Miguel Angel Vargas,'+51902625236,MVARGASATOCHE1@GMAIL.COM,1
4,2025-07-17 00:00:00,Miguel Ruiz Torres,'+51968692964,mruizt112@gmail.com,2
1,2025-08-23 00:00:00,Norma Melissa Pizarro Rojas,'+51991565455,mpr.vet@gmail.com,1
1,2025-06-09 00:00:00,Miguel Poma,'+51907030221,mpoma5755@gmail.com,1
1,2025-06-25 00:00:00,Ernesto MONTERO,'+51940760135,monteroreyes.ernesto@gmail.com,1
1,2025-07-06 00:00:00,Mónica Gutierrez Mamani,'+51940185551,Monigirl.g04@gmail.com,1
1,2025-10-01 00:00:00,Monica Quispe,'+51906729371,monica.andrea26@hotmail.com,1
11,2025-10-16 00:00:00,Evelyn Mariela López Soto,'+51975542438,mlopezs2001@gmail.com,6
1,2025-03-26 00:00:00,Mitchell franahui salazar,'+51962318774,mitchell78fs@gmail.com,2
2,2025-05-24 00:00:00,Miriam Iris Quino Ibañez,'+51983636383,miriam-iqi@hotmail.es,1
3,2025-09-03 00:00:00,Miriam Hugo Vizcardo,'+51986918052,miriamhugo16@gmail.com,1
1,2025-11-08 00:00:00,Mirta Figueroa,'+51971663311,mir_figueroa_25@hotmail.com,1
1,2025-11-07 00:00:00,Milagros Martínez,'+51997362674,milymar22@gmail.com,1
6,2025-09-05 00:00:00,MILTHON RAUL IRIGOIN ALVARADO,'+51993018815,milthon.irigoin@gmail.com,2
1,2025-05-17 00:00:00,milko Yanqui Layme,'+51963515223,milko.yanqui@gmail.com,1
2,2025-09-20 00:00:00,Milagros Renquifor Vasquez,'+51963752751,milagrosrv.ing@gmail.com,3
1,2025-03-16 00:00:00,Milagros Rueda Acosta,'+51950323681,milagrosruedaa@gmail.com,1
1,2025-04-15 00:00:00,milagros mateo Cueto,'+51946357022,milagrosrita@hotmail.com,2
4,2025-07-01 00:00:00,Milagros Gonzales,'+51948651016,milagrosgmadrid@gmail.com,1
4,2025-04-16 00:00:00,Milagros alay,'+51907803264,MILAGROSALAYL@GMAIL.COM,1
4,2025-09-23 00:00:00,NATALY MILAGROS GONZALES SUAREZ,'+51999779891,milagros.gonzalesu@gmail.com,2
1,2025-07-18 00:00:00,Miguel Romero,'+51972608530,miguelromerodelama@gmail.com,2
1,2025-05-28 00:00:00,Miguel romer alor,'+51980377852,miguelra23@hotmail.com,1
1,2025-04-16 00:00:00,Miguel cruzado,'+51993473203,miguel.cruzado.chavez@gmail.com,1
1,2025-07-26 00:00:00,Miguel Cáceres Murga,'+51997642680,miguel.caceresmurga@gmail.com,1
3,2025-11-13 00:00:00,Miriam Muñoz,'+51997937320,migirocy16@gmail.com,1
2,2025-07-20 00:00:00,Miguel Angel Murillo Peña,'+51999721219,mighuel.murillop@outloo.com,1
1,2025-07-17 00:00:00,Marco Huamani,'+51926404067,mhuamani@une.edu.pe,2
1,2025-09-28 00:00:00,Maribel Guerra,'+51952079341,mguerra@cajapiura.pe,1
2,2025-09-26 00:00:00,Miriam Gallardo,'+51957307079,mgallardo@hotmail.com,1
4,2025-07-10 00:00:00,Maria Fernanda GALVEZ GENSOLLEN,'+51935036987,MFGALVEZGENSOLLEN@GMAIL.COM,1
1,2025-08-04 00:00:00,Mario Falcone,'+51978915718,mfalconec0112@gmail.com,1
1,2025-06-21 00:00:00,Miriam DELACRUZ QUISPE,'+51976035669,MEYDISE@HOTMAIL.COM,1
2,2025-03-22 00:00:00,martin Escurra Cabezas,'+51993756422,merninescurran@gmail.com,1
2,2025-08-01 00:00:00,Melina Navarro Carbajal,'+51934987406,menacar_71@hotmail.com,1
3,2025-11-02 00:00:00,Jose Barrio de Mendoza,'+51984403922,Memetv01@gmail.com,1
2,2025-09-28 00:00:00,Melissa Uribe Vasquez,'+51968991561,melissa.uribe@markham.edu.pe,1
1,2025-08-16 00:00:00,Melissa Cerdan,'+51989034238,melissa.cerdan@gmail.com,1
2,2025-03-30 00:00:00,Jorge Melgar,'+51994690352,melgar.s.jl@gmail.com,1
1,2025-11-16 00:00:00,melany Ramirez colpaerth,'+51997123829,MEL.612.RAMIREZ@GMAIL.COM,1
2,2025-10-30 00:00:00,Maria Elena Gutiérrez,'+51906088563,meg3004@hotmail.com,2
1,2025-06-24 00:00:00,Juan Santiago,'+51907645227,Medinaoxsa@gmail.com,2
2,2025-05-20 00:00:00,Paul Gonzales,'+51940158503,Mdgonzalesa@gmail.com,1
4,2025-07-19 00:00:00,cecilia c castro,'+51992586813,mcecilia_castro@yahoo.com,1
1,2025-11-02 00:00:00,miguel tadeo bayardo,'+51993624837,mbayardo1992@gmail.coMm,1
1,2025-06-01 00:00:00,Mayumi Murga Huicho,'+51910075879,mayumurga57@gmail.com,1
1,2025-10-14 00:00:00,Mayra de la Cruz Solorzano,'+51933442705,mayasolf@gmail.com,1
1,2025-07-02 00:00:00,Rosmeri Jasmin Alfaro Mendoza,'+51955896505,mavillarj@gmail.com,1
1,2025-07-25 00:00:00,Mary Trindad Gamarra Vargas,'+51952334782,matrini1221@gmail.com,1
1,2025-07-21 00:00:00,Masterson Sucari,'+51924675155,mastersucari@gmail.com,1
2,2025-08-30 00:00:00,Miguel salas,'+51968111017,mase3107@gmail.com,1
2,2025-09-09 00:00:00,Maria Rosales .,'+51989207656,mary_isa78@hotmail.com,3
2,2025-08-19 00:00:00,Paul Javier Martinez Espinoza,'+51987295358,martinezpaul.es22@gmail.com,1
3,2025-07-21 00:00:00,martin AQUIJE,'+51965061221,martin_aquije@hotmail.com,2
4,2025-05-25 00:00:00,Martha Quispe,'+51956994390,MARTHAELIZAQA@HOTMAIL.COM,1
2,2025-10-10 00:00:00,Martha Puente Cárdenas,'+51946187431,martha.puentec@gmail.com,2
1,2025-08-22 00:00:00,MARLENi Ponce de Leon,'+51951771143,marlenitkd@hotmail.com,1
6,2025-03-26 00:00:00,marleny Lujan,'+51956694514,marle_ll@hotmail.com,4
5,2025-10-26 00:00:00,marla Ramirez,'+17035974087,marlayarleyrt@gmail.com,2
2,2025-10-08 00:00:00,Maritza castro zambrano,'+51981357536,maritza_c62@hotmail.com,1
1,2025-10-17 00:00:00,Maria Salinas,'+51988172217,maritamarucho@gmail.com,1
1,2025-06-11 00:00:00,Mario Chia Molero,'+51974465700,mario.chia.25@gmail.com,1
2,2025-10-02 00:00:00,mariluz quispe castellanos,'+51976362151,mariluzquipeca@gmail.com,1
1,2025-04-27 00:00:00,Mariel Espinoza,'+51999700430,mariel180587@gmail.com,1
2,2025-09-14 00:00:00,Marisel Ordoñez,'+51973988096,maricel3131@hotmail.com,1
1,2025-09-09 00:00:00,Maria Socorro Rosas Armestar,'+51999483051,mariasra22@hotmail.com,1
1,2025-03-30 00:00:00,Mariana Garcia,'+51946255706,MARIANAGARCIA@NOTIENE.COM,1
1,2025-10-03 00:00:00,Maria Jesús Carrillo Segovia,'+51974741973,mariajesuscarrillosegovia@gmail.com,2
1,2025-05-14 00:00:00,ALEJANDRA Cordova,'+51941431350,Maria1218alejandra@gmail.com,1
1,2025-09-29 00:00:00,Margarita Vildoso Murga,'+51951591843,margotvilmu@gmail.com,1
1,2025-10-14 00:00:00,Mario Jara,'+51960534253,marelsac@hotmail.com,1
1,2025-05-14 00:00:00,mardiah sanchez agurto,'+51993600046,mardiah.sanz@gmail.com,1
3,2025-04-22 00:00:00,Guval Investment In,'+51993111335,marcoguanilov@gmail.com,3
2,2025-04-05 00:00:00,marco antonio Cruz Rivera,'+51983563229,marco3cr@gmail.com,2
1,2025-11-16 00:00:00,Marco angulo,'+51972897381,marck_soulman@hotmail.com,2
2,2025-05-12 00:00:00,Elba Padilla,'+51991019594,mapypb@hotmail.com,1
2,2025-06-29 00:00:00,Manuel reyes,'+51950867200,manuelreyes@outlook.com.pe,2
1,2025-03-14 00:00:00,Manuel Murga Tarazona,'+51962201696,manuel_murga@hotmail.com,1
3,2025-09-10 00:00:00,Elmer Martin Alvarado Correa,'+51956375815,malvaradoprensa@gmail.com,1
1,2025-05-09 00:00:00,Maria quispe rojas,'+51956439905,maluquiroj956@gmail.com,2
1,2025-07-14 00:00:00,maría De Sanchez,'+51996235555,majulia_65@hotmail.com,1
2,2025-03-19 00:00:00,Maidely Aguilar,'+51941379969,maidelyaguilar6@hotmail.com,1
1,2025-11-03 00:00:00,MARIA GRACIA Sanchez,'+51997537648,magracia.rs@gmail.com,1
1,2025-03-29 00:00:00,Miguel Angel espinoza casquino,'+51999885149,maespinoza01@gmail.com,2
3,2025-11-16 00:00:00,Mary Cielo C,'+51981594434,macy.ch.q@gmail.com,1
2,2025-10-05 00:00:00,Marco Concha Sierralta,'+51954960078,macs_25@hotmail.com,1
2,2025-09-06 00:00:00,Maria Claudia Garcia Barrenechea,'+51940164390,macla280697@gmail.com,1
4,2025-06-07 00:00:00,Margarita De Valcárcel,'+51996826664,maalgo58@gmail.com,2
3,2025-11-18 00:00:00,Lyz Altamirano,'+51997413918,Lyzaltamirano@gmail.com,1
1,2025-05-09 00:00:00,lilian León,'+51999375294,lylian.a.leon@hotmail.com,1
2,2025-08-09 00:00:00,Luzmila Del Pilar Cubas Avendaño,'+51952275577,luzmila.cubas@gmail.com,2
2,2025-10-30 00:00:00,Luz Marina Torres Peña,'+51956497508,luzmat25@gmail.com,2
1,2025-06-21 00:00:00,Lucía montenegro,'+51997001738,Lupitamontenegro@hotmail.com,1
1,2025-06-09 00:00:00,Luis sosa navarro,'+51979690649,luis-sosa29@hotmail.com,1
1,2025-05-31 00:00:00,Luis Palomino,'+51984430968,luispalomino19@gmail.com,1
1,2025-09-26 00:00:00,Luis Milla García,'+51998473698,luismilla799@gmail.com,1
1,2025-04-28 00:00:00,Luis Del Solar,'+51990005649,luisdelsolar@hotmail.com,1
1,2025-06-21 00:00:00,luisa reyes,'+51945133611,LUISAREYES_3@HOTMAIL.COM,1
1,2025-08-13 00:00:00,luisa Oscanoa,'+51991179809,luisa.osca.o@gmail.com,1
1,2025-06-25 00:00:00,Percy Vega,'+51994436999,luis@gmail.com,1
1,2025-09-14 00:00:00,Luis Ordoñez,'+51997706874,luis.ord.guzman@hotmail.com,3
1,2025-10-12 00:00:00,LUCY huilca ramirez,'+51993425926,lucy.hramirez@gmail.com,1
1,2025-03-14 00:00:00,Lourdes CONTRERAS,'+51934091812,lucontreras622@gmail.com,1
2,2025-07-17 00:00:00,lucero Teran,'+51976777046,luceroteran.alvarez@gmail.com,1
4,2025-07-31 00:00:00,Luis Vilcatoma,'+51981326189,lu.vilcatoma.hnp@gmail.com,2
2,2025-05-10 00:00:00,Liliana Ruiz,'+51997930125,LRUIZGIL154@GMAIL.COM,1
1,2025-10-09 00:00:00,LUZ ESTELA PAREJA LUNA,'+51990814990,Lpareja1580@gmail.com,1
1,2025-05-17 00:00:00,Vicente Lourdes,'+51993789102,LOURDESMOREALVA@OUTLOOK.COM,1
1,2025-05-22 00:00:00,Manuel Portilla Reyes,'+51926602788,logistica2@reno.pe,1
1,2025-04-24 00:00:00,Luis Mantilla,'+51994984506,lmmv2022@gmail.com,1
2,2025-07-23 00:00:00,Liseth garro,'+51923599709,lizzthgav@outlook.com,1
10,2025-09-19 00:00:00,Liseth VALENCIA,'+51977296223,LIZMAVAAL@GMAIL.COM,4
1,2025-09-29 00:00:00,liz Barrios Laines,'+51958969344,lizcatalinalaines@gmail.com,3
2,2025-10-11 00:00:00,liz Asencios,'+51993007894,liz.asenciosp@gmail.com,1
1,2025-07-05 00:00:00,Liset MEZA DELGADILLO,'+51916425176,LISETHMEDEL20@GMAIL.COM,1
3,2025-03-23 00:00:00,lis Bernal Olivera,'+51997634870,lisbernalo@gmail.com,1
1,2025-07-11 00:00:00,Maria Lopez,'+51987834280,liramalu1090@gmail.com,1
5,2025-10-13 00:00:00,Manuel Flores,'+51944817443,linkgaudium@msm.com,3
2,2025-03-28 00:00:00,Liliana VALDIVIA,'+51999092012,lilival1814@hotmail.com,1
1,2025-07-20 00:00:00,Liliana osorio,'+51997235412,lilianaosorio@hotmail.com,1
1,2025-11-09 00:00:00,Leonardo Victor Torres Paniagua,'+51987887963,leovtp_360@hotmail.com,2
3,2025-09-16 00:00:00,JOSE ANIBAL Leon,'+51982241012,leonjosec@hotmail.com,2
1,2025-08-05 00:00:00,Elmer Carnero,'+51944068334,leonardocm97@hotmail.com,1
2,2025-04-06 00:00:00,leidy Huaman Yman,'+51989798292,leidyhuaman@gmail.com,1
1,2025-06-26 00:00:00,Liliana Espinoza,'+51973516404,leeh_29@hotmail.com,1
2,2025-09-02 00:00:00,Leonor castro,'+51998467187,lecasza@hotmail.com,1
4,2025-08-19 00:00:00,LUIS ENRIQUE Apolinar Saavedra,'+51966095402,Leas73@outlook.com,1
2,2025-04-19 00:00:00,Laura Delgado,'+51958241440,lauris_146@hotmail.com,1
1,2025-09-19 00:00:00,Laura Incio,'+51990970810,laurai_89@hotmail.com,1
2,2025-04-12 00:00:00,Adrian Sevillano,'+51985678233,LASRPERU@GMAIL.COM,1
1,2025-03-13 00:00:00,Luis Hijar Arestegui,'+51967782600,larestegui0604@gmail.com,1
3,2025-11-01 00:00:00,Arturo Gonzales,'+51999008178,laradegonzales@gmail.com,1
2,2025-08-14 00:00:00,Andrea Razuri,'+51945963867,landrea.razuri@gmail.com,2
1,2025-09-28 00:00:00,Luis Valenzuela Mejia,'+51994014571,l.valenzuelamejia@gmail.com,1
4,2025-09-18 00:00:00,Lorena Salhuana,'+51945340664,l.salhuana@gmail.com,2
1,2025-08-10 00:00:00,Luis Cabrera,'+51975035184,l.cabrera25@hotmail.com,1
4,2025-05-10 00:00:00,Carolina Ramirez,'+51940499768,kroline.mrr@gmail.com,2
2,2025-03-28 00:00:00,KOVACK POHL,'+51997135958,KOVACK33@GMAIL.COM,1
10,2025-04-10 00:00:00,katia Flores Ledesma,'+51951315308,knfledesma@hotmail.com,1
1,2025-07-29 00:00:00,KATHERINE Nuñez,'+51943512946,KJNGARCIA@GMAIL.COM,1
1,2025-05-22 00:00:00,Kevin Gilio Vigilio,'+51932368874,kgiliov2000@gmail.com,1
1,2025-11-15 00:00:00,Katlyn FARIAS,'+51956038700,kfarias@aquacif.com,1
1,2025-06-03 00:00:00,Daniel Meneses,'+51902000640,ketzuky@gmail.com,1
4,2025-06-23 00:00:00,kenyi Toyama,'+51968113166,kenyi653@gmail.com,1
1,2025-09-21 00:00:00,Kely Caro Palacios,'+51984281350,kelycaro.palacios@gmail.com,1
1,2025-06-14 00:00:00,Katherin Minaya,'+51956605712,katty1104@hotmail.com,1
1,2025-08-03 00:00:00,Catherin Rodriguez Pulido,'+51985581798,kathyrodriguezpulido_21@hotmail.com,1
2,2025-09-26 00:00:00,KATHERINE Quiroz Gonzales,'+51950300858,kathy14_4_1@hotmail.com,1
1,2025-03-25 00:00:00,karla TORIBIO PACHAS,'+51942197996,karlae.toribio.pacahas@gmail.com,1
2,2025-09-13 00:00:00,Karina Ramirez,'+51954106803,karinaramirezflores@hotmail.com,2
2,2025-09-06 00:00:00,Karina Quispe,'+51936831243,karinaquispehu@gmail.com,1
5,2025-05-16 00:00:00,Karina Huillcahuaman,'+51986456823,karinabhc@gmail.com,4
1,2025-06-01 00:00:00,maria julia Burgos Alcantara,'+51964680202,Karin.angeles76@hotmail.com,1
2,2025-07-09 00:00:00,Karim Rivera,'+51993784160,KARIMRIVERA33@GMAIL.COM,1
2,2025-07-07 00:00:00,Edith Lopez Castillo,'+51990418222,KARIMLOPEZ@YAHOO.ES,1
1,2025-11-13 00:00:00,karen Pacora,'+51987420676,kananea25@gmail.com,2
2,2025-06-21 00:00:00,KATHERINE ORTIZ,'+51987828745,k.ortiz@pucp.pe,1
1,2025-03-30 00:00:00,Judith vp,'+51953727318,jvallepinzon@gmail.com,1
6,2025-06-17 00:00:00,Julio MIRANDA ROJAS,'+18607128776,JULITOM55@GMAIL.COM,1
1,2025-07-14 00:00:00,Julio Maravi,'+51997345775,julioeduardomaravirengifo@gmail.com,1
3,2025-05-31 00:00:00,Julio Villavicencio,'+51987762551,julio.villavicencio@gmail.com,1
4,2025-06-22 00:00:00,gian carlo Yañez,'+51947097034,JUDO_MH@HOTMAIL.COM,1
1,2025-05-17 00:00:00,Judith Atao Francisco,'+51987522566,Judithatao@gmail.com,2
1,2025-09-22 00:00:00,Juan Tellez,'+51968739129,juancarlostellezh@gmail.com,1
2,2025-07-16 00:00:00,Juan carlos Mendoza,'+51988903390,juancarlos@live.com.pe,1
1,2025-06-11 00:00:00,Manuel Ponte Torrel,'+51986533738,juan_torrel@hotmail.com,1
2,2025-06-25 00:00:00,Juan Jose Oyola,'+51933507565,juan.oyola.bazan@gmail.com,1
1,2025-05-31 00:00:00,Juan Alvan,'+51997569564,juan.alvan7@gmail.com,1
1,2025-03-26 00:00:00,javier solis maldonado,'+51958833038,jsolis1506@gmail.com,5
3,2025-03-22 00:00:00,Jose Luis Salazar,'+51954139739,jsalazar.winner@gmail.com,2
1,2025-04-06 00:00:00,Juan Jara,'+51998170766,jrjaravega@gmail.com,1
1,2025-09-30 00:00:00,Joseph Quiñones Espinoza,'+51959146161,jquinonese7@gmail.com,1
1,2025-09-10 00:00:00,𝙹osselin Carrasco Romero,'+51996229092,jossi1692@gmail.com,2
3,2025-08-30 00:00:00,Josimar Bautista,'+51944300241,JOSIMARPBS22@GMAIL.COM,2
1,2025-03-16 00:00:00,Joseth Velez de Villa Arias,'+51998998750,josephvelezdevilla@gmail.com,1
3,2025-08-28 00:00:00,Joseph Bedriñana,'+51923771212,joseph_b_e@hotmail.com,1
1,2025-09-20 00:00:00,Jose Luis Araujo,'+51943912411,JOSELUISARAUJO@HOTMAIL.COM,3
6,2025-03-28 00:00:00,jose Ames Caceres,'+51978914724,joseames28@gmail.com,2
1,2025-07-30 00:00:00,jose CHANG KEE,'+51945945808,jose.chang.kee@outlook.com,1
1,2025-04-22 00:00:00,Jose Luis BEJAR VARA,'+51982152361,jose.bejar.1211@gmail.com,1
2,2025-09-09 00:00:00,Jose Luis CONTRERAS,'+51992292884,jos.contreras03@gmail.com,1
2,2025-07-17 00:00:00,Eduardo CONTRERAS,'+51988869833,JORGEDUARDO_CONTRERAS@GMAIL.COM,1
1,2025-03-22 00:00:00,Jorge Luis Gavino Quinto,'+51986501411,jorgeabq@gmail.com,1
1,2025-09-28 00:00:00,JORDAN Gutierrez,'+51991971185,jordan_43@hotmail.com,1
4,2025-05-21 00:00:00,Johnny CARDENAS NUÑEZ,'+51995747442,JOHNNYCARNU@HOTMAIL.COM,2
1,2025-10-26 00:00:00,Johnny Paz Roque,'+51989101576,johnny_paz@hotmail.com,1
2,2025-08-02 00:00:00,Jesus Antonio JUGO OBLITAS,'+51968418829,joasjes@gmail.com,2
3,2025-05-04 00:00:00,Joaquin bendezu,'+51940294456,joaquinbendezu@gmail.com,1
2,2025-06-21 00:00:00,Jose Vargas Cortaza,'+51976355446,jmvargasc.23@gmail.com,1
2,2025-08-22 00:00:00,Jessica navarro,'+51952371733,jmnp.2703@gmail.com,1
1,2025-11-10 00:00:00,John Lujan,'+51953254195,jlujanh@hotmail.com,1
4,2025-08-26 00:00:00,Jose Luis Suasnabar Poma,'+51979348580,jlsp16@hotmail.com,1
2,2025-10-29 00:00:00,Jorge bayeto lescano,'+51941824333,jlbayeto@hotmail.com,1
2,2025-03-23 00:00:00,Jose Luis Ballesteros,'+51998786527,JLBALLESTEROSC@HOTMAIL.COM,2
1,2025-09-22 00:00:00,Josephim Carrasco,'+51993638163,jjosephimjell@hotmail.com,4
1,2025-05-23 00:00:00,Jimmy Rodriguez,'+51982679839,jimmyrodriguezm30@gmail.com,1
10,2025-07-10 00:00:00,Jimmy Enrique Simon Silva,'+51990018626,jimmy.simons@gmail.com,5
2,2025-06-01 00:00:00,Jim Brian Choque Huacan,'+51950173513,jim040296@gmail.com,1
2,2025-10-27 00:00:00,JHOSSIE Medina,'+51953860822,JHOSSIE.MEDINA@GMAIL.COM,3
1,2025-10-02 00:00:00,Jhonatan Abel Salcedo Solis,'+51938629854,jhonatan.a.salcedos@gmail.com,1
1,2025-03-13 00:00:00,Jackeline Hinostroza,'+51980652089,jhinostrozavelazque@gmail.pe,1
1,2025-03-24 00:00:00,Juan Guevara,'+51924580735,jgm_15_5@hotmail.com,1
1,2025-03-15 00:00:00,Yesenia toro,'+51958982788,JESSY_9012@HOTMAIL.COM,1
1,2025-10-24 00:00:00,Jessica osorio,'+51999868075,jessicaosorio.md@gmail.com,1
2,2025-09-02 00:00:00,jeseni Bernuy,'+51940210726,jesenia26.8@hotmail.com,1
1,2025-04-06 00:00:00,javier Pacheco,'+51989290902,jepachs@gmail.com,2
1,2025-09-18 00:00:00,Jenny Diaz Grados,'+51989234631,jdiazg711@gmail.com,1
1,2025-08-12 00:00:00,jorge hernan chocano chavez ,'+51966740984,jchocanow@gmail.com,1
1,2025-11-18 00:00:00,Jean Marko Belapatio,'+51940447596,jbelapatino@gmail.com,2
2,2025-05-29 00:00:00,Christian Jáuregui Obando,'+51990780007,jaureguiobando@gmail.com,1
1,2025-05-12 00:00:00,Jackelyne Shayuri Gastañadui Gil,'+51943063407,jasha1992@gmail.com,1
1,2025-09-02 00:00:00,janelle ruiz vega,'+51992536488,jannelle22@hotmail.com,1
4,2025-09-18 00:00:00,Sebastin Hernani Alanya,'+51997024833,jalanyag@gmail.com,1
8,2025-09-01 00:00:00,Jaime Fonseca,'+51989194587,jaime.fonseca03@gmail.com,4
1,2025-04-27 00:00:00,johanna Bonilla Mejía,'+51979518839,jahsgdgvdvb@hotmail.com,1
1,2025-07-01 00:00:00,Jennifer Figueroa,'+51970158229,jafones@hotmail.com,1
1,2025-10-02 00:00:00,Jacqueline Moreno Arias,'+51984114232,jacquelinema_12@hotmail.com,1
2,2025-04-02 00:00:00,Jacqueline Zuñiga Gonzales,'+51980570714,jackyzg23@hotmail.com,2
1,2025-05-02 00:00:00,Jacqueline Zuñiga Gonzales,'+51980570714,jackyzg1510@gmail.com,1
2,2025-11-14 00:00:00,Jackeline Diaz Junco,'+56954004215,jackelin.diaz.j@gmail.com,1
1,2025-07-19 00:00:00,JACKELINE PIERINA RAMOS ALVAREZ,'+51937393704,j.pieri.ra10@gmail.com,1
1,2025-05-25 00:00:00,johanna Mosqueira,'+51977449687,j.mosqueira1820@gmail.com,3
1,2025-06-18 00:00:00,Walter ROCA MAZA,'+51925060565,IVONNE_LANDAVERI@HOTMAIL.COM,2
2,2025-08-28 00:00:00,Alonso Delgado,'+51983479019,ivhdiaz@gmail.com,1
2,2025-04-04 00:00:00,ivette Pacheco Arteaga,'+51992733356,ivettep@gmail.com,1
1,2025-07-15 00:00:00,ivan Vidal Puma,'+51982880651,ivan77756@gmail.com,1
1,2025-10-03 00:00:00,Isis vega mayta,'+51972146491,isisvega14@gmail.com,1
1,2025-11-14 00:00:00,Isabel Tineo,'+51964626362,isatineo@hotmail.com,1
1,2025-05-01 00:00:00,Iliana Quiñones,'+51928922908,iquinonesb8@gmail.com,1
2,2025-04-07 00:00:00,Juan Magallanes,'+51991628741,inovnov@hotmail.com,3
6,2025-05-20 00:00:00,Ingrid Rios,'+51991560071,Ingridmargaretriosparedes@gmail.com,1
3,2025-07-06 00:00:00,Ingrid CARDENAS QUIJAITE,'+51979723010,ingridcardenasalimentos@gmail.com,1
1,2025-03-22 00:00:00,Ricardo Aguilar Rodriguez,'+51994539441,ing.ricardoaguilar@gmail.com,1
1,2025-10-15 00:00:00,MELANIE Lucen,'+51946472816,info@sopedia.org,1
2,2025-08-10 00:00:00,Indira Jahana Cornejo Rogel,'+51950881453,indira.cornejo@gmail.com,1
4,2025-06-22 00:00:00,Indira Zarate,'+51936329234,inatzaju0413@gmail.com,2
2,2025-03-29 00:00:00,Israel MONZON,'+51995943901,imonzon@yahoo.com,1
2,2025-06-03 00:00:00,Ines MENDOZA URRUNAGA,'+51999422126,IMENDOZAU@GMAIL.COM,1
1,2025-07-12 00:00:00,Iberth Minaya Rivera,'+51973309593,iberth.alexander@gmail.com,1
3,2025-04-22 00:00:00,federico AYARZA RICHTER,'+51999978108,humberto_a_richter@hotmail.com,1
1,2025-06-27 00:00:00,Faustina Coral Reategui,'+51956767697,hsgbsvgsvsb@hotmail.com,1
1,2025-07-13 00:00:00,Haydee urban,'+51980655432,hrurbance@gmail.com,1
3,2025-09-10 00:00:00,freddy Huamani,'+51995919485,hp.freddy.25@gmail.com,1
1,2025-04-21 00:00:00,MARIA JUDITH Terrones,'+51957500845,HOSTAL-JET@HOTMAIL.COM,1
6,2025-06-29 00:00:00,Carlos Gonzales,'+51945275121,HNR.325@GMAIL.COM,1
1,2025-04-13 00:00:00,helar Hernandez,'+51982005919,HMHERNANDEZGUTIERREZ@GMAIL.COM,1
1,2025-10-05 00:00:00,Jenny Nuñez,'+51959880670,hilajf@mail.com,1
2,2025-10-24 00:00:00,Herver Hurtado,'+51922293938,hghurtadoz@hotmail.com,1
3,2025-06-17 00:00:00,HERNAN gallegos,'+51987972615,hernangallegosm@gmail.com,1
7,2025-09-07 00:00:00,Karina Hernandez Ramos,'+51996740655,HERNANDEZKR74@GMAIL.COM,4
2,2025-11-02 00:00:00,Henry zavaleta,'+51979994813,henrysantoiagozavaletapolo@gmail.com,1
2,2025-09-06 00:00:00,Hector Flores Gargurevich,'+51943892436,Hector.flores.gar@gmail.com,2
3,2025-05-26 00:00:00,harol Cieza,'+51923066695,hciezae0@gmail.com,2
6,2025-11-05 00:00:00,Harold Vargas Romero,'+51964083952,HAROLDVR94@GMAIL.COM,2
1,2025-09-06 00:00:00,Romulo cespedes heredia .,'+51956316820,hakem_1082@hotmail.com,2
1,2025-09-08 00:00:00,Gregorio Zurita,'+51968444349,gzuritat@gmail.com,1
1,2025-06-21 00:00:00,Gustavo Tarazona Galindo,'+51992380111,gustavotarazonagalindo@gmail.com,1
5,2025-10-12 00:00:00,Gustavo Alonso,'+51979695954,gustavoqc99@gmail.com,2
1,2025-06-09 00:00:00,Gustavo Hoces Costilla,'+51945500906,gustavonils@hotmail.com,1
1,2025-04-19 00:00:00,Gustavo Adolfo Echeverry Villamil,'+51992960390,gustavo.echeverryperu@outlook.com,1
1,2025-03-15 00:00:00,Gustavo Laos Raffo,'+51987775922,gusf25@hotmail.com,1
1,2025-07-30 00:00:00,Guillermo Vilela,'+51990246596,Guillermovilela@gmail.com,1
1,2025-07-20 00:00:00,Giuliana Geraldine Irma Moreano vadillo,'+51940589683,guiliana_04_2@hotmail.com,1
1,2025-06-09 00:00:00,Alex Alcala Paucar,'+51986995672,guido.alcala@gmail.com,1
2,2025-04-03 00:00:00,Guadalupe cotera,'+51985360123,guadalupecot1@hotmail.com,1
2,2025-11-16 00:00:00,gian Tizon,'+51989446521,gtizon.prensa@gmail.com,2
2,2025-09-26 00:00:00,Gabriela Ruth Santos Antonio,'+51979777388,GSANTOSA@GMAIL.COM,1
1,2025-03-16 00:00:00,Gladys rojas,'+51999510759,GROJASD1701@YAHOO.ES,1
1,2025-03-29 00:00:00,GRIZELY VASQUEZ ANDIA,'+51974291792,grizevaza@gmail.com,1
4,2025-06-11 00:00:00,G R A C E Chong,'+51976464344,grace.chong1302.2@gmail.com,1
3,2025-09-08 00:00:00,heydi Tuanama Saldaña,'+51989102998,gonzaloquincha@gmail.com,1
1,2025-04-19 00:00:00,GONZALO Hancco,'+51984769197,gonzalohanccosuyo@gmail.com,1
2,2025-11-16 00:00:00,Gonzalo Cahuas Bravo,'+51960857418,gonza_cahuas@pucp.pe,1
1,2025-05-20 00:00:00,GLORIA Chumpitaz Quilcate,'+51955370954,gloriaysabelchumpitazquilcate@gmail.com,1
4,2025-07-24 00:00:00,GLORIA jaramillo,'+51941121729,GLORIAGJARAMILLOQUINCHO@GMAIL.COM,2
6,2025-10-21 00:00:00,giordano Arias,'+51957862123,giyares@gmail.com,1
3,2025-07-06 00:00:00,Marta Saravia,'+1000000.00,gisela.saravia@free.fr,1
2,2025-09-11 00:00:00,Giomara Espinoza,'+51901461146,giomaraespio@gmail.com,1
2,2025-11-08 00:00:00,Gina Peralta .,'+51959426215,ginajulp@gmail.com,2
2,2025-09-08 00:00:00,Gina Julia Agama Hudalgo,'+51916032004,gina.agama.hidalgo@gmail.com,2
4,2025-07-22 00:00:00,carol tinto pilares,'+33781556727,gicapi@hotmail.com,1
1,2025-08-09 00:00:00,Gianina QUIÑOÑES,'+51991367121,GIANINA_Q@HOTMAIL.COM,2
1,2025-09-07 00:00:00,Gianella Chilet,'+51922793033,gianellachilet@outlook.com,1
2,2025-10-11 00:00:00,Gianella ANGELES,'+51992844476,gianellaangelesr@gmail.com,1
1,2025-05-13 00:00:00,Gustavo ORTIZ,'+51994810658,ggortizc28@gmail.com,1
1,2025-07-07 00:00:00,GIANFRANCO RAUL VILCHEZ FERNANDEZ,'+51967267899,gfrancovf@gamail.com,1
1,2025-10-09 00:00:00,GONZALEO Fernandez,'+17865219758,gfernandv@gmail.com,2
1,2025-05-10 00:00:00,Gersom Gonzalez,'+51958600003,gersomalfaro@gmail.com,1
2,2025-06-22 00:00:00,Sandra La Cruz,'+51986220362,gerencia.basic@gmail.com,1
2,2025-07-05 00:00:00,Rosario Suazo Ramírez,'+51996633322,gcsalud7@gmail.com,3
1,2025-09-20 00:00:00,Giovanna chamorro,'+51997083988,gchamorro.m@gmail.com,1
1,2025-11-16 00:00:00,Giovanni CARTAGENA SOTOMAYOR,'+51953734713,gcartagena@santisimo.edu.pe,1
1,2025-08-23 00:00:00,jose daniel Estrada medina,'+51959761053,gcalderon27@gmail.com,1
1,2025-07-08 00:00:00,Elisa Campos Gardella,'+51946199654,Gardellagardella27@gmail.com,1
2,2025-05-30 00:00:00,Gianinna ANGELES,'+51940216318,gangeles22@gmail.com,1
1,2025-10-24 00:00:00,Kelly Gamboa,'+51982055518,Gamboakelly@gmail.com,1
12,2025-03-28 00:00:00,Rosendo Carlos Gamarra Lopez,'+51952627262,gamarracorporationsac@gmail.com,4
2,2025-10-17 00:00:00,Galhi Sanchez,'+51952510668,galhi.sanchez@gmail.com,2
1,2025-09-14 00:00:00,Gabriela Rodriguez,'+51995264020,gabydetezanos@gmail.com,1
1,2025-06-10 00:00:00,Gabriela Oscanoa,'+51988151674,gabriela1808ob@gmail.com,1
2,2025-07-07 00:00:00,javier Sulca,'+51902764495,GABINO.SULCA@ORICA.COM,1
2,2025-06-07 00:00:00,Diana corcino,'+51976482012,gabcorcino@gmail.com,1
3,2025-10-22 00:00:00,Claudia Fuentes Rivera,'+51995434109,fuentesrivera1402@gmail.com,2
1,2025-10-13 00:00:00,fabian Sachun,'+51933722722,fsachun@sdproyectos.com,1
2,2025-11-14 00:00:00,Freddy Nilton ,'+51993467357,freddyft@gmail.com,1
2,2025-03-26 00:00:00,freddy Quintana,'+51951294493,freddy910@yahoo.es,1
2,2025-10-03 00:00:00,Flindrs Ortíz Cardenas,'+51901546765,freddy2711@gmail.com,1
2,2025-11-13 00:00:00,Frank Alexis Sandoval Carhuatanta,'+51985860532,frankalexis2307@gmail.com,1
1,2025-11-12 00:00:00,Franco López Silva,'+51986933361,Franco.lopezsilva@gmail.com,2
1,2025-09-28 00:00:00,Francisco Sanchez,'+51953732540,FRANCISCOSANCHEZL@HOTMAIL.COM,1
1,2025-10-31 00:00:00,FLORISA Malpartida,'+51957041488,FM@GMAIL.COM,1
3,2025-03-31 00:00:00,Florita Lopez,'+51961001304,floritalopez@gmail.com,1
1,2025-08-23 00:00:00,Cindy Amaro,'+51932317130,fioriamaro@gmail.com,1
1,2025-04-25 00:00:00,Evelyn Fiorella Silva Saenz Silva,'+51987262812,fiorella9926@outlook.es,1
2,2025-08-28 00:00:00,FIORELA ALEJANDRA Manrique Rivas,'+51965029175,FIORELLA.9618@GMAIL.COM,1
1,2025-05-17 00:00:00,Fiorella Pardo,'+51974598539,fiore2503pp@gmail.com,1
1,2025-04-11 00:00:00,ivan Santiago,'+51913946584,fffff@gmail.com,1
1,2025-04-14 00:00:00,b101 73.96,'+51900000007,fernando7@verdancy.me,1
1,2025-04-14 00:00:00,B103 60.19,'+51900000006,fernando6@verdancy.me,1
1,2025-04-14 00:00:00,A102 49.19,'+51900000005,fernando5@verdancy.me,1
2,2025-09-28 00:00:00,Silvia Fernandez,'+51995538689,fernandezllerena@hotmail.com,1
1,2025-03-16 00:00:00,luis felipe Vasquez,'+51941606308,felipe.vasquezi@pucp.pe,1
1,2025-05-14 00:00:00,Fany Rosa Jaramillo Gutiérrez,'+51970989607,fanyrosajaramillo@gmail.com,1
1,2025-06-22 00:00:00,Fiorella Margoth Torres Rios,'+51959870858,f_torres_rios@hotmail.com,1
2,2025-05-05 00:00:00,Evelin Ramos,'+51914834603,Evelin1305@hotmail.com,1
1,2025-06-21 00:00:00,Evelin Aragón Grados,'+51987813801,evelin.aragong@gmail.com,1
2,2025-09-06 00:00:00,ethel Pino Nina,'+51958195410,ethelpino94@hotmail.com,3
2,2025-11-08 00:00:00,Lorena Gutierrez Etchebarne,'+51940658522,Etchebarne1992@gmail.com,1
4,2025-11-04 00:00:00,Elisa ramos delgado,'+51991648500,et.elisa@hotmail.com,1
1,2025-04-19 00:00:00,Estefany Silvia Aguilar campos,'+51924116656,estefanyaguilarcampos@gmail.com,1
1,2025-11-15 00:00:00,Estefania lecca,'+51992078254,ESTEFALECCA@GMAIL.COM,2
1,2025-03-26 00:00:00,Keyvhinng Espinoza Felix,'+51949231728,espinoza.k@pucp.edu.pe,2
12,2025-11-05 00:00:00,edwing Prueba,'+51923538133,esoller@hotmail.com,1
2,2025-05-02 00:00:00,Erick Sebastian Rodriguez Morales,'+51924290808,erirm88@gmail.com,1
1,2025-04-10 00:00:00,ERICK vásquez,'+51936688271,erickissac.vasquez@gmail.com,1
1,2025-10-09 00:00:00,Enzo Jordan Leon,'+51969211440,ENZOJORDAN.2000@GMAIL.COM,4
1,2025-07-10 00:00:00,Enid Perez Rodriguez,'+51964777143,enidayme26@gmail.com,1
2,2025-10-27 00:00:00,Elizabeth delgado Vasquez,'+51990650627,ELYDELGMAIL.COM_1@GMAIL.COM,1
1,2025-10-12 00:00:00,Elsa Maria Valera Saenz,'+51976865847,elsamaria_02@yahoo.com,1
1,2025-08-18 00:00:00,ELSA Junco,'+51987772376,elsajuncoaguilar@hotmail.com,1
2,2025-06-15 00:00:00,Eduardo Mendoza,'+51993568416,eloymen3000@gmail.com,1
5,2025-10-21 00:00:00,Eli Araujo,'+51974624980,elizabetharaujolindo@gmail.com,4
1,2025-09-25 00:00:00,Elizabeth valverde,'+51947950633,elival90@hotmail.com,1
1,2025-07-11 00:00:00,Eliana orosco,'+51902345072,eli.orosco.2000@gmail.com,1
1,2025-09-05 00:00:00,Eiffel Espinoza Villanueva,'+51940171775,eiffel.ev@gmail.com,1
1,2025-08-12 00:00:00,Eduardo Garavello,'+51954174868,egaravello@hotmail.com,1
4,2025-06-03 00:00:00,Carolina CASTRO MONTALVAN,'+51991381166,EEERFFF@HOTMAIL.COM,1
1,2025-09-08 00:00:00,Eduardo De La Cruz,'+51996375045,eedf1993@hotmail.com,1
1,2025-09-03 00:00:00,Eduardo Andamayo,'+51974632295,eduardosig3@gmail.com,1
2,2025-06-08 00:00:00,ENMANUEL Talla,'+51941954890,edtalla@gmail.com,1
1,2025-03-15 00:00:00,Edson Berios,'+51915396918,edsonbell@hotmail.com,1
1,2025-03-12 00:00:00,Edson M,'+51981501715,edmar2512@gmail.com,1
1,2025-07-13 00:00:00,Edith Romero,'+51989133690,EDITHROMERO@GMAIL.COM,1
2,2025-04-27 00:00:00,Erika BAJALQUI,'+51987134716,EDINCCCCC_15@HOTMAIL.COM,1
1,2025-07-06 00:00:00,Edgarth Castañeda,'+51989325312,edgarth_cas23@hotmail.com,1
1,2025-03-20 00:00:00,ELLIOT Cruz,'+51988834678,ECSANIGUEL89@GMAIL.COM,2
5,2025-09-04 00:00:00,María Elizabeth Chiuyare Cervantes,'+51992193573,echiuyare@gmail.com,3
1,2025-03-15 00:00:00,Elsa Natalia Ching Arnao,'+51995053182,eching65_3@hotmail.com,1
1,2025-05-08 00:00:00,Elizabeth Laura CARRION RIVAS,'+51940301443,ECARRIONRIVAS@GMAIL.COM,1
1,2025-07-16 00:00:00,Elsi Azucena Rentería Liendo,'+51977167418,eazucenarl.92@gmail.com,3
3,2025-05-25 00:00:00,Eduardo Aquije Hervias,'+51936256485,eaquije@hotmail.es,2
1,2025-07-15 00:00:00,Enrique Ezeta,'+51991108785,E.EZETAW@GMAIL.COM,1
2,2025-05-15 00:00:00,Eduardo angulo,'+51988940137,e.anguloh7@gmail.com,2
1,2025-09-07 00:00:00,DIEGO Vasquez,'+51957351970,dvluque@hotmail.com,1
4,2025-05-08 00:00:00,Dustin Maximo Garay Martel,'+51984245210,dustingaraym@hotmail.com,1
1,2025-04-19 00:00:00,Rodrigo Dumler Galarza,'+51998880476,Dumlerrodrigo@gmail.com,1
1,2025-07-18 00:00:00,Danth Huidobro,'+51945111803,dtg31817@gmail.com,1
2,2025-03-19 00:00:00,Susana silva angulo,'+51948608142,dssilvaa@gmail.com,1
3,2025-09-30 00:00:00,Daniel Rivera Pérez,'+51995493110,driveraperez08@gmail.com,5
2,2025-04-05 00:00:00,Roberto Barrón robles,'+51952676548,Drbarron@outlook.es,1
2,2025-07-30 00:00:00,Diana Alvarado,'+51997445423,dralvarado77@gmail.com,1
1,2025-05-17 00:00:00,Karin galvez,'+51996288813,drakaringalvez@gmail.com,1
1,2025-03-25 00:00:00,GLORIA Camacho,'+51989018072,dra.gloriacamacho@gmail.co,1
2,2025-11-12 00:00:00,David panta,'+51997888411,Dpantaarnao@gmail.com,1
1,2025-09-28 00:00:00,Bertha Palomino,'+51988946500,dpalominobolivar@gmail.com,1
4,2025-04-28 00:00:00,Doris Elizabeth Cano Ortega,'+51944469404,doris_cano@hotmail.com,2
1,2025-06-18 00:00:00,Dominique Luperdi Barreto,'+51999999999,dominique4lb@gmail.com,1
3,2025-04-28 00:00:00,Valeria Tasaico Small,'+51978464839,dime.vale15@gmail.com,2
1,2025-09-22 00:00:00,SILVANA Di Natale,'+51951779305,dilsin6@hotmail.com,2
3,2025-11-11 00:00:00,Diana Palomares,'+51987924486,dii94@hotmail.com,2
2,2025-08-17 00:00:00,Adolfo Urbina,'+51930942364,DIEGOURBINA.ENCISO@GMAIL.COM,1
1,2025-05-04 00:00:00,DIEGO Obregon,'+51947162237,diegogomezobregon@gmail.com,1
8,2025-08-02 00:00:00,DIEGO Rodriguez,'+51924375243,diego00776@gmail.com,3
3,2025-11-09 00:00:00,Diana Tello Guerra,'+51993754919,dianatg7@hotmail.com,3
1,2025-05-21 00:00:00,Diana DIANA,'+51958694518,dianasaya@hotmail.com,1
4,2025-09-20 00:00:00,Diana Llacsahuanga,'+51932358139,DIANA.LLACSA@GMAIL.COM,1
1,2025-04-21 00:00:00,Danila Huanco Huanco Apaza,'+51952524882,dhuancoa@gmail.com,1
2,2025-03-16 00:00:00,Deysi melgarejo,'+51993314224,deysi.melgarejo.h@gmail.com,1
1,2025-11-03 00:00:00,Sonia Oliva,'+51946010918,dentaloliva@gmail.com,1
2,2025-07-12 00:00:00,Carmen palma,'+51989349579,DELPILAR.PALMA.ROSALES@GMAIL.COM,1
1,2025-04-02 00:00:00,Delia FERRUA,'+51966151504,deliaferrua@gmail.com,1
6,2025-07-27 00:00:00,Jeidi Rosel Daga Basilio,'+51955088530,deivydb@hotmail.com,5
1,2025-11-02 00:00:00,Rosa Criollo,'+519351562,decriollo42@gmail.com,1
1,2025-05-21 00:00:00,Deborah Fuentes Trujillo,'+51987791185,deborahfuentestrujillo@gmail.com,1
3,2025-11-17 00:00:00,DIEGO Di Natale,'+51934600185,ddinatale.r@gmail.com,4
3,2025-05-06 00:00:00,Ernesto UEHARA,'+18324440581,DDDvvfBBVDDDVDDD@HOTMAIL.COM,2
2,2025-06-07 00:00:00,Renato Infante,'+51992757131,DDDvvfBBcccdddVVDDD@HOTMAIL.COM,1
2,2025-07-28 00:00:00,Willian dante,'+34655327020,dddmmdm@hotmail.com,1
2,2025-07-28 00:00:00,karen lopez aleman,'+51955671703,dddddd@jhotmail.com,1
2,2025-03-28 00:00:00,DAVID DEL CASTILLO CASTIGLIONE,'+51966066191,daviddelcastillocastiglione@gmail.com,1
1,2025-10-12 00:00:00,Dario Lazo Guerrero,'+51968353059,dariolazoguerrero.92@gmail.com,1
1,2025-10-05 00:00:00,Dante Bazan,'+51921868744,dantebm88@gmail.com,1
1,2025-06-21 00:00:00,danitza Castillo,'+51987151108,danitza_castillo@hotmail.com,1
6,2025-10-23 00:00:00,Daniela Peña,'+51973677511,danipb44@gmail.com,1
2,2025-04-05 00:00:00,Daniela Quispe Flores,'+51986878397,daniela.93.qf@gmail.com,1
1,2025-10-16 00:00:00,Daniel Mendoza Gomez,'+51942765475,daniel240178@gmail.com,1
1,2025-05-13 00:00:00,Cesar Gutierrez,'+519935811067,DANIEL.GUTIERREZ19@GMAIL.COM,1
1,2025-03-22 00:00:00,DIEGO Melendez,'+51915397428,dandrems@outlook.com,1
2,2025-08-04 00:00:00,José Agama Molina,'+51965015920,dan.jdam@gmail.com,1
1,2025-03-15 00:00:00,Alex Quispe Riveros,'+51966964297,dalexd22@gmail.com,1
1,2025-04-22 00:00:00,Analucía López Montoya,'+51991715647,daanlomo312@gmail.com,1
1,2025-08-04 00:00:00,Darwin Jimenez,'+51963152172,d12jimenezc@gmail.com,1
1,2025-07-05 00:00:00,Cynthia Cerda,'+51977129075,cynthiacerdag@gmail.com,1
1,2025-11-16 00:00:00,Cynthia Obando,'+51975569058,cynthia.obando@gmail.com,1
4,2025-08-08 00:00:00,Cinthia Alhuay,'+51989921077,CYNTHIA.ALHUAY18@GMAIL.COM,2
2,2025-06-16 00:00:00,Cynthia Ponce,'+51944533045,cynros26@hotmail.com,2
1,2025-09-05 00:00:00,Claudia Vicente,'+51954461147,cvicentev@gmail.com,1
1,2025-11-13 00:00:00,Cynthia Doris Culqui Muñoz,'+51977174975,culqui.cynthia@gmail.com,1
8,2025-06-10 00:00:00,Maria Del Carmen narvaez,'+51947463518,cuchita07@hormail.com,1
3,2025-09-06 00:00:00,Carmen serrano,'+51942755562,cscasimiro30@gmail.com,1
3,2025-11-13 00:00:00,Carlos Samanez,'+51986454162,csamanez1@hotmail.com,1
1,2025-03-16 00:00:00,Carolina salvador,'+51994318081,CSALVADOR5787@GMAIL.COM,1
1,2025-10-28 00:00:00,Christian Pinto Gil,'+51969772018,cpintogil@gmail.com,1
2,2025-09-27 00:00:00,Carlos Perez,'+51995952562,CPEREZS01@YAHOO.COM,1
1,2025-04-06 00:00:00,Claudia Vargas,'+51987733640,cmvargas@pucp.edu.pe,1
6,2025-10-25 00:00:00,Edilberto Buendia,'+51953776212,clinicadeldoloraqp@gmail.com,1
1,2025-11-06 00:00:00,Clemencia Francisca Alvarado Araujo,'+51938708523,clefra1966@gmail.com,1
3,2025-11-15 00:00:00,Claudia Luque salas,'+51986163613,clauluqsa@gmail.com,1
1,2025-08-03 00:00:00,Claudia Tapia,'+51986616723,claudiamilagros.tapia@gmail.com,1
2,2025-06-14 00:00:00,Claudia Maria Palomino,'+51977143770,claudia.palomino1701@gmail.com,1
1,2025-03-21 00:00:00,Claudia Cárdenas,'+51989321149,claucardenas1912@gmail.com,1
3,2025-11-16 00:00:00,Clara rojas,'+51935369800,claralrojasruiz@gmail.com,1
2,2025-05-28 00:00:00,Cesar landeo,'+51998147473,Clandeo64@hotmail.com,1
1,2025-06-25 00:00:00,Carla Jimena Rojas gallegos,'+51989705000,cjimenarg96@gmail.com,1
2,2025-07-29 00:00:00,Cintya Delgado Chavez,'+51969881643,CINTYADELGADOCH@GMAIL.COM,3
2,2025-08-05 00:00:00,cinthya JB,'+51998902922,Cinthyajaque@gmail.com,2
4,2025-07-10 00:00:00,cinthya REYES CABRERA,'+51991565081,cinthyadugard.26@gmail.com,2
1,2025-07-06 00:00:00,Cinthia Palacios,'+51964367853,cinthiaelvira@gmail.com,1
2,2025-10-21 00:00:00,Cinthia reyes,'+51982224406,cinthia1622@outlook.es,1
1,2025-03-23 00:00:00,Cinthia Marañon Salcedo,'+51947694830,cinthia.maranon@gmail.com,1
2,2025-07-30 00:00:00,CRISTIAN MAYA PEREZ,'+51989077483,CHRISTIANMAYA1@HOTMAIL.COM,1
1,2025-07-19 00:00:00,Christian fano soto,'+51975570994,christ_f1_loger@hotmail.com,1
2,2025-06-03 00:00:00,Doris Lopez Castillo,'+51992730477,CHOLITALC@GMAIL.COM,1
2,2025-10-06 00:00:00,Patricia cabrera calderon,'+51991346404,chiquili98@yahoo.es,1
1,2025-06-16 00:00:00,Maritza roman,'+51999040492,china_roman@hotmail.com,2
1,2025-05-29 00:00:00,Norma Chavez Raymundez,'+51999503075,chavezraymundezno@gmail.com,1
1,2025-04-15 00:00:00,Melissa CHAVARRIA ZACONETTA,'+51994989450,chavarriaz.melissa@gmail.com,1
2,2025-08-22 00:00:00,CRISTIAN Vasquez,'+51987475473,cgvasquez1@hotmail.com,1
1,2025-11-15 00:00:00,Carolina granados bussio,'+51950303366,cgranadosbussios@gmail.com,1
2,2025-04-03 00:00:00,Cesar Flores,'+51962347308,CFLORESD@YAHOO.COM,2
4,2025-05-04 00:00:00,Cecilia Rosario Velasquez Bet,'+51985925710,cevebe13@gmail.com,1
1,2025-09-30 00:00:00,César RUIZ ARANA,'+51976568198,cesar.ruiz.arana1@gmail.com,1
2,2025-10-10 00:00:00,Cesar LINARES SOLORZANO,'+51990813167,CESAR.LINARES.SOLORZANO@GMAIL.COM,1
3,2025-10-07 00:00:00,César Alonso Alegre Dávila,'+51977246971,cesar.alegredavila@gmail.com,3
6,2025-08-04 00:00:00,Daysi Casatinta Acosta,'+51962883193,cereza_kum@hotmail.com,1
1,2025-04-24 00:00:00,Carlos Enrique Mina,'+51969725689,CEMINACC@GMAIL.COM,1
1,2025-04-23 00:00:00,Cecilia narvaez,'+51997538889,cecilia@idl.org.pe,1
2,2025-08-17 00:00:00,Cecilia Espinoza,'+51913027358,ceciespinoza@hotmail.com,1
2,2025-09-17 00:00:00,Sebastián Castillo,'+51908797989,cebada.v1@gmail.com,1
2,2025-04-27 00:00:00,maría Alvarado Flores,'+51975688334,cealvaradof@yahoo.com,1
1,2025-09-30 00:00:00,Christian Dueñas Pacheco,'+51967703195,cduenaspacheco@gmail.com,1
4,2025-08-02 00:00:00,CRISTIAN cisneros,'+51964284318,CCISNEROSM88@GMAIL.COM,4
1,2025-09-27 00:00:00,Cinthya Butilier BUTILIER,'+51987843204,CBUTILIER@HOTMAIL.COM,1
4,2025-06-30 00:00:00,luisa Gonzacu,'+51987707654,Cataleya2802@gmail.com,2
1,2025-11-15 00:00:00,Alexander Joe Changa Castillo,'+51982332104,castillosalex313@gmail.com,1
4,2025-09-24 00:00:00,Leidi Villoslada Alejandria,'+51991512029,Casas012@hotmail.com,1
5,2025-09-10 00:00:00,Carolina Díaz,'+51995562133,carodisa_19@hotmail.com,1
1,2025-07-17 00:00:00,Carmela Cubas,'+51915396081,carmela.cubasm@gmail.com,1
1,2025-10-07 00:00:00,Carlos Aliaga olano,'+51994693172,carlosaliaga49@gmail.com,1
2,2025-06-09 00:00:00,Carla Antonella,'+51966534280,carla.bendezuquispe@gmail.com,1
3,2025-03-22 00:00:00,Cecilia Encalada,'+51966712546,CANGELESEE@GMAIL.COM,2
1,2025-11-16 00:00:00,Maria Fernanda CAMPOS,'+51943591795,camposfernanda98@hotmail.com,1
1,2025-11-10 00:00:00,Camila Cornejo,'+51992504941,camila.cornejorobles@gmail.com,1
1,2025-03-15 00:00:00,margarita chokke chokke,'+51973739013,C.chabeli@hotmail.com,1
1,2025-05-28 00:00:00,Betty Vásquez Monje,'+51999630627,bvasquezm@yahoo.es,1
1,2025-03-15 00:00:00,barbara Sanchez,'+51965926760,BSREYESMM@GMAIL.COM,1
2,2025-08-05 00:00:00,karla Diaz Segura,'+51987212265,brisaval.299@gmail.com,1
1,2025-10-11 00:00:00,Brenda Carrasco,'+51924356215,brendacarrasco59@gmail.com,1
1,2025-10-04 00:00:00,Brenda Vilca Mendoza,'+51984421306,brenda.vilca@pucp.edu.pe,1
1,2025-07-18 00:00:00,Jose Luis Bustamante,'+51991538900,blommberg@gmail.com,1
2,2025-04-05 00:00:00,José Ayerbe,'+51984340924,biorolandoayerbe@gmail.com,1
4,2025-09-22 00:00:00,HINNA Vidalon,'+51980323214,BICAHY@HOTMAIL.COM,1
1,2025-10-16 00:00:00,Betty Galvan Narvaez,'+51951325034,bgalvan06123455@gamil.com,2
3,2025-05-15 00:00:00,Angela Becerra,'+51977574618,becerra.angela15@gmail.com,1
2,2025-08-10 00:00:00,Beatriz Alarcon,'+51948890165,beatrizalarh@gmail.com,1
2,2025-10-18 00:00:00,Beatriz Ramirez,'+51953714517,BEATRIZ.SRM90@GMAIL.COM,1
1,2025-11-03 00:00:00,Ivy Barrantes Zelada,'+51925798024,barranteszeladaivy@gmail.com,1
2,2025-04-18 00:00:00,Arturo zevallos,'+51985490144,AZEVALLOS@HOTMAIL.COM,1
1,2025-09-11 00:00:00,HAYAR Tamayo,'+18312617022,ayartv@gmail.com,1
2,2025-10-04 00:00:00,Hugo Quiñe Villar,'+51993414691,axelfoly_91@hotmail.com,1
1,2025-06-21 00:00:00,Alex Valencia Velencia,'+51980766003,avalenciapj@gmail.com,2
1,2025-11-05 00:00:00,ruben mercado,'+51999319704,AUXILIOCONTABLE@GMAIL.COM,2
2,2025-06-02 00:00:00,Ingrid Gonzales Gonzales,'+51932680069,audiblack1616@gmail.com,2
1,2025-10-12 00:00:00,Alexandra Torres,'+51973513400,artorrespino@gmail.com,1
1,2025-11-18 00:00:00,Arthur Rodriguez,'+51991770071,arthe85@gmail.com,1
1,2025-07-17 00:00:00,Dayson ben Cajas Agurto,'+51945961176,arq.dayson@gmail.com,1
1,2025-09-06 00:00:00,William Martinez Avellaneda,'+51956306679,arkmartinez95@gmail.com,1
1,2025-03-16 00:00:00,ARIANA Preciado,'+51997476652,ARISTEF12@GMAIL.COM,1
1,2025-11-03 00:00:00,ARIANA villareal,'+51936530736,arianavo2001@gmail.com,1
1,2025-06-25 00:00:00,Anita Quevedo,'+51968721389,arequedos91@gmail.coom,1
3,2025-05-27 00:00:00,Bryan Arcos,'+51937603363,arcos204@gmail.com,1
1,2025-08-04 00:00:00,pierina Pizarro,'+51902383683,APIZARRO@GMAIL.COM,1
2,2025-04-24 00:00:00,Pilar Alvarez Morales,'+51999780936,apilar29social@hotmail.com,1
1,2025-07-02 00:00:00,Alberto Perez,'+51950858349,aperezleon@hotmail.com,1
2,2025-09-09 00:00:00,Antonio Espinosa Ureta Antonio Espinosa Ureta,'+51993239346,antonio.esp.u@gmail.com,1
2,2025-05-15 00:00:00,ANNABELEE COLETTE VILLARREAL SALVADOR,'+51949151764,annabelee.vs@gmail.com,1
2,2025-10-13 00:00:00,Anibal monge,'+51949440710,anibal.monge@upch.pe,2
1,2025-05-02 00:00:00,Angie Gianira Roca Huaman,'+51951701843,angierh40@gmail.com,1
1,2025-06-04 00:00:00,Shirley Wilson Neyra,'+51967996812,angie.1007.wilson@gmail.com,1
1,2025-04-28 00:00:00,Angel Sabino Barrientos Chuquillanqui,'+51991683043,angelobarri@hotmail.com,1
2,2025-05-04 00:00:00,angelo Peña,'+16478611308,angelo_009@hotmail.com,1
3,2025-10-31 00:00:00,Mathías Carranza Vásquez,'+51987096752,Angelcv1610@gmail.com,1
3,2025-05-18 00:00:00,Angela Valencia De Rutté,'+51977449514,angela_5506@hotmail.com,1
2,2025-10-27 00:00:00,Angela Cauna Ramos,'+51993330219,angela.cauna@hotmail.com,2
2,2025-04-18 00:00:00,Angel Altamirano,'+51958654199,ANGEL90ALT@GMAIL.COM,1
1,2025-10-20 00:00:00,Angel carranza,'+51954777474,angel_carranza@hotmail.com,1
1,2025-09-14 00:00:00,Luis Pagasa,'+51974632903,angel.pagasa@gmail.com,1
1,2025-08-31 00:00:00,Andres guzman,'+51961561609,ANDREGUZ0014@GMAIL.COM,1
2,2025-10-09 00:00:00,Agusto Wong,'+51958084654,ANDREBRETO2010@HOTMAIL.COM,1
1,2025-09-19 00:00:00,Andrea Aparicio,'+51929432795,andrea.aparicio@notiene.com,1
1,2025-09-21 00:00:00,Angelica Leon andrade,'+51963044293,andradleon@outlook.com,1
1,2025-11-11 00:00:00,Ana Córdova,'+510015715336544,anatorres434@yahoo.com,1
2,2025-08-03 00:00:00,ana paula Leau,'+51981567694,anapaula.leau@hotmail.com,1
1,2025-03-16 00:00:00,Ana CHONG MALDONDO,'+51969643472,ANACHM@OTLOOK.ES,2
2,2025-07-31 00:00:00,AMANDA ODELI LA ROSA MORA,'+51972627001,amandaolrm@outlook.com,1
3,2025-04-01 00:00:00,Gisell ALVITERES,'+51954883624,ALVITERES@GMAIL.COM,1
3,2025-03-23 00:00:00,Alvaro Jesús Fernández Gómez,'+51988817795,alvaro.fernandez.g@uni.pe,1
1,2025-06-22 00:00:00,Enny Alvarado,'+51997849674,alvaradovillanueva14@gmail.com,1
1,2025-07-04 00:00:00,Alexis Huarac,'+51931571545,alexishuaracmallqui@gmail.com,1
2,2025-04-22 00:00:00,ALEXEI CALERO FUENTES- RIVERA,'+51935764095,ALEXEI_INGCIVIL@HOTMAIL.COM,2
2,2025-07-04 00:00:00,Alejandro Romero Calle,'+51990220949,alejomarcerc@gmail.com,1
1,2025-05-14 00:00:00,maría alexandra Bohórquez Díaz,'+51940235897,aleboh26@gmail.com,1
1,2025-08-28 00:00:00,Aldo Fabian Herrera Soto,'+51936754877,aldoherrera1988@gmail.com,2
1,2025-07-19 00:00:00,Aldo Guardamino,'+51975437310,aldo.guardamino@gmail.com,1
1,2025-07-12 00:00:00,Alberto alberto,'+51987401650,ALBERTOFERIA@GMAIL.COM,1
1,2025-03-22 00:00:00,Juan Alan Osorio Urrunaga,'+51991928944,alanosoriourrunaga@gmail.com,1
1,2025-11-05 00:00:00,Carolina Villa Villarroel,'+51991589387,aidovil24@gmail.com,2
2,2025-10-28 00:00:00,Angel Corzo,'+51998318922,agcorzod@gmail.com,1
4,2025-04-16 00:00:00,ADELAIDA Vargas,'+51943989428,adelaidavargas@yahoo.es,1
2,2025-09-06 00:00:00,Ada Torres,'+51964695554,adatorresmaita@hotmail.com,1
1,2025-11-13 00:00:00,Alberto Burgos Gómez,'+51978365987,aburgosg2194@gmail.com,1
1,2025-06-09 00:00:00,Abraham Barrionuevo ,'+51966441601,abrambf@gmail.com,1
1,2025-07-06 00:00:00,Juan Erasmo Millán Vilchez,'+51990006327,abogadojuanmillan@gmail.com,1
3,2025-04-15 00:00:00,Abel Falcon Celestino .,'+51992260462,abelfalconcelestino@gmail.com,2
1,2025-04-14 00:00:00,Daniela SAZAKI,'+51983063417,AAAAATVVTTGGBT@GMAIL.COM,1
3,2025-04-13 00:00:00,Angel cardenas,'+51922001370,AAAAATTCCCTT@GMAIL.COM,1
1,2025-03-20 00:00:00,segundo Bazan,'+51993482133,AAAAASSSSS@GMAIL.COM,2
2,2025-09-14 00:00:00,Bruce rojas,'+51979850980,a20153023@pucp.edu.pe,1
1,2025-10-18 00:00:00,Alex Aranda,'+51958120838,a.aranda@pucp.edu.pe,1
2,2025-10-18 00:00:00,Milena RUIZ SEBASTIAN,'+51992770752,28MILENA.RUIZ@GMAIL.COM,1
2,2025-06-22 00:00:00,Milagros Rodriguez,'+51991824662,2019mirodri@gmnail.com,1
2,2025-10-07 00:00:00,edgar jose cermeño tapia,'+51995616836,1nousacorreo@gmail.com,1
4,2025-09-27 00:00:00,ramses escobedo pro,'+51992606044,18100193@ue.edu.pe,1
1,2025-08-17 00:00:00,Sandra Morales,'+51992708661,1601sandra@gmail.com,2
1,2025-08-30 00:00:00,Christian Enrique CUESTA TAPAHUASCO,'+51996790728,14101076@UE.EDU.PE,1
5,2025-10-06 00:00:00,Ingrid Estacio,'+51923747937,1200986@esan.edu.pe,2
1,2025-06-10 00:00:00,Eduardo portal,'+51996618686,078687@colegiomedico.org.pe,1
